"","V1","V2","V3"
"E18G",0.589862002720183,0.597556047957729,0.592946304625962
"E7K",0.808678455867992,0.809845286200662,0.80991903168417
"F47L",0.768789744389719,0.755863296144278,0.759871357772656
"F65L",0.836164605386674,0.83245258987662,0.834614919451278
"F72C",0.641574938402958,0.639963759886873,0.65441754874326
"G233D",0.720300944683333,0.705414452090258,0.720693687732091
"G5S",0.810978118758323,0.805874468204395,0.807473839329898
"G66S",0.836666764459912,0.844410050644817,0.84801280592717
"I148V",0.764420761801063,0.755905521722517,0.754461120739373
"I172V",0.796839831630056,0.78667604270713,0.776259148497255
"K102E",0.784976876038315,0.781088256419736,0.774436850305497
"K157E",0.663042335997212,0.670815947461196,0.695657654124645
"L69M",0.791397786574925,0.792296634646676,0.796106113576582
"M79L",0.714983633236886,0.694226603308233,0.703544446595562
"N145S",0.654441468195172,0.654067907198491,0.668281810433494
"R110S",0.689000765312317,0.697591304900595,0.691736510158526
"T60S",0.755941496880522,0.765209086947791,0.769990104232582
"V164A",0.788541991770294,0.789718629524909,0.777040296635743
"V2A",0.818693800497402,0.821994223000244,0.829050652811517
"V2M",0.833532750499066,0.837591022417235,0.835982218337909
"WT",0.751243208664825,0.744057078102278,0.741581939274357
"Y204C",0.82063826956799,0.821891846545975,0.812315016269651
